Workbook

Sheet Summary
A1: ID | B1: Module | C1: Result
C2: All | D2: Passed | E2: Failed
A3: #1 | B3: Authentication & Access | C3: 9 | D3: =COUNTIF('Authentication & Access'!F:F,"PASS") | E3: =COUNTIF('Authentication & Access'!F:F,"FAIL")
A4: #2 | B4: Dashboard | C4: 4 | D4: =COUNTIF('Dashboard'!F:F,"PASS") | E4: =COUNTIF('Dashboard'!F:F,"FAIL")
A5: #3 | B5: Tickets - Create | C5: 7 | D5: =COUNTIF('Tickets - Create'!F:F,"PASS") | E5: =COUNTIF('Tickets - Create'!F:F,"FAIL")
A6: #4 | B6: Tickets - List (My Tickets) | C6: 5 | D6: =COUNTIF('Tickets - List (My Tickets)'!F:F,"PASS") | E6: =COUNTIF('Tickets - List (My Tickets)'!F:F,"FAIL")
A7: #5 | B7: Tickets - Detail | C7: 5 | D7: =COUNTIF('Tickets - Detail'!F:F,"PASS") | E7: =COUNTIF('Tickets - Detail'!F:F,"FAIL")
A8: #6 | B8: Tickets - Assigned Queue | C8: 4 | D8: =COUNTIF('Tickets - Assigned Queue'!F:F,"PASS") | E8: =COUNTIF('Tickets - Assigned Queue'!F:F,"FAIL")
A9: #7 | B9: Tickets - Approval Queue | C9: 5 | D9: =COUNTIF('Tickets - Approval Queue'!F:F,"PASS") | E9: =COUNTIF('Tickets - Approval Queue'!F:F,"FAIL")
A10: #8 | B10: Ticket Management (Admin) | C10: 5 | D10: =COUNTIF('Ticket Management (Admin)'!F:F,"PASS") | E10: =COUNTIF('Ticket Management (Admin)'!F:F,"FAIL")
A11: #9 | B11: Comments & Attachments | C11: 5 | D11: =COUNTIF('Comments & Attachments'!F:F,"PASS") | E11: =COUNTIF('Comments & Attachments'!F:F,"FAIL")
A12: #10 | B12: Notifications | C12: 4 | D12: =COUNTIF('Notifications'!F:F,"PASS") | E12: =COUNTIF('Notifications'!F:F,"FAIL")
A13: #11 | B13: Global Search | C13: 4 | D13: =COUNTIF('Global Search'!F:F,"PASS") | E13: =COUNTIF('Global Search'!F:F,"FAIL")
A14: #12 | B14: Master - Users | C14: 6 | D14: =COUNTIF('Master - Users'!F:F,"PASS") | E14: =COUNTIF('Master - Users'!F:F,"FAIL")
A15: #13 | B15: Master - User Groups | C15: 6 | D15: =COUNTIF('Master - User Groups'!F:F,"PASS") | E15: =COUNTIF('Master - User Groups'!F:F,"FAIL")
A16: #14 | B16: Master - Categories | C16: 4 | D16: =COUNTIF('Master - Categories'!F:F,"PASS") | E16: =COUNTIF('Master - Categories'!F:F,"FAIL")
A17: #15 | B17: Master - Companies | C17: 3 | D17: =COUNTIF('Master - Companies'!F:F,"PASS") | E17: =COUNTIF('Master - Companies'!F:F,"FAIL")
A18: #16 | B18: Master - Departments | C18: 3 | D18: =COUNTIF('Master - Departments'!F:F,"PASS") | E18: =COUNTIF('Master - Departments'!F:F,"FAIL")
A19: #17 | B19: Master - Lesson Learned | C19: 4 | D19: =COUNTIF('Master - Lesson Learned'!F:F,"PASS") | E19: =COUNTIF('Master - Lesson Learned'!F:F,"FAIL")
A20: #18 | B20: Profile & API Tokens | C20: 5 | D20: =COUNTIF('Profile & API Tokens'!F:F,"PASS") | E20: =COUNTIF('Profile & API Tokens'!F:F,"FAIL")
A21: #19 | B21: Reports | C21: 5 | D21: =COUNTIF('Reports'!F:F,"PASS") | E21: =COUNTIF('Reports'!F:F,"FAIL")
A22: #20 | B22: MCP API | C22: 4 | D22: =COUNTIF('MCP API'!F:F,"PASS") | E22: =COUNTIF('MCP API'!F:F,"FAIL")
A23: #21 | B23: AI Chat (feature-flagged) | C23: 4 | D23: =COUNTIF('AI Chat (feature-flagged)'!F:F,"PASS") | E23: =COUNTIF('AI Chat (feature-flagged)'!F:F,"FAIL")
B24: Sum | C24: =SUM(C3:C23) | D24: =SUM(D3:D23) | E24: =SUM(E3:E23)

Sheet Authentication & Access
A1: Module Name | B1: Authentication & Access
A2: Description | B2: Sign-in (email + password via Credentials, and Microsoft Entra ID / Azure AD), sign-out, forgot-password, and route protection enforced by proxy.ts. Roles: ADMIN, SUPERVISOR (shown as "Approver" in the UI), USER. Demo accounts: admin@demo.com / supervisor@demo.com / user1@demo.com, all with password P@ssw0rd.
A3: Tester Name
A4: Test Date
A6: No | B6: Scenario | C6: Test Step | D6: Expected Result | E6: Actual Result | F6: Pass / Fail
A7: 1 | B7: Credentials sign-in | C7: 1. Open /login 2. Enter admin@demo.com / P@ssw0rd 3. Submit | D7: Redirected to /dashboard (role home). Navbar shows the signed-in user. Session cookie is set.
A8: 2 | C8: 1. Open /login 2. Enter a valid email with a wrong password 3. Submit | D8: Stays on /login with an "invalid email or password" error. No session is created.
A9: 3 | C9: 1. Sign in with an account whose status is INACTIVE or SUSPENDED | D9: Sign-in is rejected even though the password is correct.
A10: 4 | B10: Role-based landing | C10: 1. Sign in as supervisor@demo.com 2. Observe the landing page | D10: Lands on /tickets/approval. A USER lands on /tickets; an ADMIN on /dashboard.
A11: 5 | B11: Route protection | C11: 1. While signed out, request /tickets directly | D11: Redirected to /login?callbackUrl=/tickets. After signing in, returned to /tickets.
A12: 6 | C12: 1. While signed in, open /login | D12: Redirected away from /login to the role home page.
A13: 7 | B13: Microsoft Entra ID | C13: 1. On /login click "Sign in with Microsoft" 2. Complete the Microsoft prompt | D13: Returns authenticated. A brand-new Entra account is created with role USER.
A14: 8 | B14: Forgot password | C14: 1. Open /forgot-password 2. Submit a known email address | D14: A neutral confirmation is shown (no account enumeration).
A15: 9 | B15: Sign out | C15: 1. From any page use the navbar "Sign out" | D15: Session cleared; redirected to /login. Back button does not restore an authenticated view.

Sheet Dashboard
A1: Module Name | B1: Dashboard
A2: Description | B2: Admin landing page: KPI tiles for ticket status buckets, recent activity, and quick links that deep-link into Ticket Management pre-filtered.
A3: Tester Name
A4: Test Date
A6: No | B6: Scenario | C6: Test Step | D6: Expected Result | E6: Actual Result | F6: Pass / Fail
A7: 1 | B7: KPI tiles | C7: 1. Sign in as admin 2. Open /dashboard | D7: Tiles show counts for Open (NEW/ASSIGNED/REOPENED), Pending Approval (WAITING) and Awaiting Customer Close (RESOLVED).
A8: 2 | C8: 1. Click the "Open" KPI tile | D8: Navigates to Ticket Management with the Status filter already set to Open.
A9: 3 | B9: Access control | C9: 1. Sign in as a USER 2. Request /dashboard directly | D9: Not permitted for non-admins; redirected to the role home page.
A10: 4 | B10: Empty state | C10: 1. View the dashboard on a database with no tickets | D10: Tiles render 0 without error; no broken charts.

Sheet Tickets - Create
A1: Module Name | B1: Tickets - Create
A2: Description | B2: New ticket form (/tickets/new). Requires title, description and telephone. Category is required. When the category needs approval, an approver message is required. Company/Department come from the creator's profile.
A3: Tester Name
A4: Test Date
A6: No | B6: Scenario | C6: Test Step | D6: Expected Result | E6: Actual Result | F6: Pass / Fail
A7: 1 | B7: Happy path | C7: 1. Open /tickets/new 2. Fill title, description, telephone, category 3. Submit | D7: Ticket created with a generated ticketNumber and status NEW. Redirected to the ticket detail page.
A8: 2 | B8: Validation | C8: 1. Submit the form with title / description / telephone blank (or whitespace only) | D8: Inline errors on each empty field. Nothing is saved.
A9: 3 | C9: 1. Submit without choosing a category | D9: "Select a category" error; no ticket created.
A10: 4 | B10: Approval-required category | C10: 1. Choose a category that requires approval 2. Leave the approver message blank 3. Submit | D10: "Enter a message for the approver" error. With a message, the ticket is created and an approval request is opened.
A11: 5 | B11: Profile prerequisite | C11: 1. As a user with no company/department set, submit a ticket | D11: Blocked with a message to have an admin set company/department on the profile first.
A12: 6 | B12: Open on behalf of others | C12: 1. As an admin (or a user with canOpenTicketForOthers), open the form 2. Change the Creator field | D12: Creator selector is available and the ticket is filed for the chosen user. A normal user cannot change the creator.
A13: 7 | B13: Attachments | C13: 1. Attach one or more files 2. Submit | D13: Files are stored and listed on the ticket detail attachments section.

Sheet Tickets - List (My Tickets)
A1: Module Name | B1: Tickets - List (My Tickets)
A2: Description | B2: The requester's own tickets at /tickets: search by title/number, status filter, sortable columns, pagination.
A3: Tester Name
A4: Test Date
A6: No | B6: Scenario | C6: Test Step | D6: Expected Result | E6: Actual Result | F6: Pass / Fail
A7: 1 | B7: Listing | C7: 1. Sign in as a user with tickets 2. Open /tickets | D7: Only tickets created by this user are listed, newest first by default.
A8: 2 | B8: Search | C8: 1. Type part of a ticket title or ticketNumber in the search box | D8: List narrows to matches (case-insensitive). Clearing the box restores the full list.
A9: 3 | B9: Status filter | C9: 1. Choose a status from the filter dropdown | D9: Only tickets in that status are shown; the choice is preserved in the URL and in pagination links.
A10: 4 | B10: Sorting & paging | C10: 1. Click a sortable column header 2. Change rows-per-page 3. Move to page 2 | D10: Sort direction toggles; page size persists; page navigation keeps the current search/filter/sort.
A11: 5 | B11: Edit gating | C11: 1. Open a ticket that is still NEW 2. Open a ticket that has moved past NEW | D11: Edit is offered only while the ticket is NEW (owner or admin).

Sheet Tickets - Detail
A1: Module Name | B1: Tickets - Detail
A2: Description | B2: Ticket detail page with explicit View and Edit modes. Shows requester, assignees, assigned group, department approvers, history timeline, comments and approval status.
A3: Tester Name
A4: Test Date
A6: No | B6: Scenario | C6: Test Step | D6: Expected Result | E6: Actual Result | F6: Pass / Fail
A7: 1 | B7: Visibility (non-admin) | C7: 1. As a user, open a ticket you did not create and are not assigned to | D7: 404 / not found. Visible only to the owner, an individual assignee, a member of the assigned group, or a department approver.
A8: 2 | B8: Visibility (assigned group) | C8: 1. Assign a ticket to a group 2. Sign in as a member of that group 3. Open the ticket | D8: Ticket is visible. A user in none of the assigned groups still cannot see it.
A9: 3 | B9: View / Edit modes | C9: 1. Open a ticket in View mode 2. Use the Edit link | D9: View mode shows read-only fields plus an Edit link; Edit mode shows the editable form and admin actions.
A10: 4 | B10: Deleted tickets | C10: 1. As a non-admin, open a soft-deleted ticket by URL | D10: Not found. Only admins see deleted tickets (via Ticket Management's "Show deleted").
A11: 5 | B11: History timeline | C11: 1. Perform a state change (assign, resolve, reopen) 2. Reopen the detail page | D11: A TicketHistory entry with actor and timestamp appears in the timeline.

Sheet Tickets - Assigned Queue
A1: Module Name | B1: Tickets - Assigned Queue
A2: Description | B2: /tickets/assigned - tickets assigned to the signed-in user individually (TicketAssignee) or to any group they belong to (TicketAssignedGroup, via UserGroupMember). Default order is assignee-actionability, not a plain column sort.
A3: Tester Name
A4: Test Date
A6: No | B6: Scenario | C6: Test Step | D6: Expected Result | E6: Actual Result | F6: Pass / Fail
A7: 1 | B7: Membership scope | C7: 1. Add the user to two groups, each assigned different tickets 2. Open /tickets/assigned | D7: Tickets from BOTH groups appear, plus any assigned to the user individually.
A8: 2 | C8: 1. Remove the user from all groups 2. Open /tickets/assigned | D8: Only individually-assigned tickets remain; no group tickets leak through.
A9: 3 | B9: Default ordering | C9: 1. View the queue with no explicit sort | D9: ASSIGNED/REOPENED/NEW first, then RESOLVED, then WAITING, then CLOSED.
A10: 4 | B10: Search & status filter | C10: 1. Search by title/number and apply a status filter | D10: Results stay within the user's assigned scope and match the filters; paging preserves them.

Sheet Tickets - Approval Queue
A1: Module Name | B1: Tickets - Approval Queue
A2: Description | B2: /tickets/approval - supervisors (department approvers) see pending TicketApproval requests for their department and approve or reject them. First approver to act wins.
A3: Tester Name
A4: Test Date
A6: No | B6: Scenario | C6: Test Step | D6: Expected Result | E6: Actual Result | F6: Pass / Fail
A7: 1 | B7: Queue scope | C7: 1. Sign in as a supervisor 2. Open /tickets/approval | D7: Only PENDING approvals for departments where the user is a DepartmentApprover are listed.
A8: 2 | B8: Approve | C8: 1. Open a pending request 2. Approve with a comment | D8: TicketApproval.status becomes APPROVED, decidedAt and supervisorId are recorded, and the ticket proceeds. History entry added.
A9: 3 | B9: Reject | C9: 1. Open a pending request 2. Reject with a reason | D9: Status becomes REJECTED with the reason stored; requester is notified; ticket does not proceed.
A10: 4 | B10: Race / first-wins | C10: 1. Two approvers open the same request 2. Both submit a decision | D10: The first decision is applied; the second sees that it is already decided and cannot override it.
A11: 5 | B11: Authorization | C11: 1. As a non-approver, POST a decision to the approval action directly | D11: Rejected server-side (role/department re-checked in the Server Action).

Sheet Ticket Management (Admin)
A1: Module Name | B1: Ticket Management (Admin)
A2: Description | B2: /transaction/ticket-management - admin triage: assign to users and/or groups, change status, soft-delete with a reason and restore, "Show deleted" filter, bulk-style row actions.
A3: Tester Name
A4: Test Date
A6: No | B6: Scenario | C6: Test Step | D6: Expected Result | E6: Actual Result | F6: Pass / Fail
A7: 1 | B7: Assignment | C7: 1. Open the Assign modal on a ticket 2. Pick one or more assignees and/or one or more groups 3. Save | D7: TicketAssignee / TicketAssignedGroup rows are replaced to match the selection. Recipients are notified. History entry added.
A8: 2 | C8: 1. Clear all assignees and groups 2. Save | D8: Ticket shows as Unassigned.
A9: 3 | B9: Soft delete | C9: 1. Delete a ticket 2. Submit with the reason blank | D9: "Enter a reason" error. With a reason, deletedAt/deletedById are set and the ticket drops out of normal lists.
A10: 4 | B10: Restore & show deleted | C10: 1. Enable "Show deleted" 2. Restore a deleted ticket | D10: Deleted tickets are listed only with the filter on; restore clears deletedAt and returns it to normal lists.
A11: 5 | B11: Status change | C11: 1. Move a ticket NEW -> ASSIGNED -> RESOLVED -> CLOSED | D11: Each transition is persisted with resolvedAt/closedAt set where relevant and a history entry per step.

Sheet Comments & Attachments
A1: Module Name | B1: Comments & Attachments
A2: Description | B2: Ticket comment thread. Anyone who can view a ticket can comment: owner, individual assignee, a member of any assigned group, or the reviewing supervisor. Comments may carry file attachments.
A3: Tester Name
A4: Test Date
A6: No | B6: Scenario | C6: Test Step | D6: Expected Result | E6: Actual Result | F6: Pass / Fail
A7: 1 | B7: Add comment | C7: 1. As the ticket owner, post a comment | D7: Comment appears immediately with author and timestamp; assignees/watchers are notified.
A8: 2 | B8: Validation | C8: 1. Submit an empty or whitespace-only comment | D8: "Enter a comment" error; nothing is posted.
A9: 3 | B9: Permission - group member | C9: 1. Assign the ticket to a group 2. As a member of that group, post a comment | D9: Allowed. A user in none of the assigned groups is refused (server-side check).
A10: 4 | B10: Permission - outsider | C10: 1. As an unrelated user, POST to the comment action directly | D10: Rejected; no comment is stored.
A11: 5 | B11: Attachments | C11: 1. Attach a file to a comment and post | D11: The attachment is saved and downloadable from the thread.

Sheet Notifications
A1: Module Name | B1: Notifications
A2: Description | B2: Header bell with an unread badge, a notifications list, and a "seen" marker (User.notificationsSeenAt) that clears the badge. Unread count is also exposed via /api/notifications/unread-count.
A3: Tester Name
A4: Test Date
A6: No | B6: Scenario | C6: Test Step | D6: Expected Result | E6: Actual Result | F6: Pass / Fail
A7: 1 | B7: Badge | C7: 1. Trigger an event that notifies the user (assignment, comment, approval decision) 2. Look at the header bell | D7: Unread badge count increases.
A8: 2 | B8: Mark seen | C8: 1. Open the notifications dropdown / page | D8: notificationsSeenAt is updated; the badge clears while older items remain listed.
A9: 3 | B9: Deep link | C9: 1. Click a notification row | D9: Navigates to the related ticket/approval.
A10: 4 | B10: API | C10: 1. GET /api/notifications/unread-count while signed in | D10: Returns the current unread count for the caller only.

Sheet Global Search
A1: Module Name | B1: Global Search
A2: Description | B2: /search and /api/tickets/search - searches tickets and related records scoped to the caller's role/programs (admins see all; users see their own; assignees see their queue).
A3: Tester Name
A4: Test Date
A6: No | B6: Scenario | C6: Test Step | D6: Expected Result | E6: Actual Result | F6: Pass / Fail
A7: 1 | B7: Scope | C7: 1. As a USER, search a term that matches another user's ticket | D7: That ticket is not returned; only the caller's own / assigned records match.
A8: 2 | B8: Matching | C8: 1. Search a partial ticket title and a partial ticketNumber | D8: Both return the ticket (case-insensitive contains).
A9: 3 | B9: Empty query | C9: 1. Submit an empty search | D9: No results and no error.
A10: 4 | B10: Result cap | C10: 1. Search a very common term | D10: Results are capped to a sane maximum rather than returning everything.

Sheet Master - Users
A1: Module Name | B1: Master - Users
A2: Description | B2: /master/user (admin) - list with search + role filter, create/edit/view, set role and status, assign company/department/telephone, import from Excel, export to Excel.
A3: Tester Name
A4: Test Date
A6: No | B6: Scenario | C6: Test Step | D6: Expected Result | E6: Actual Result | F6: Pass / Fail
A7: 1 | B7: Create | C7: 1. Create a user with name, email, role, password (>= 8 chars) | D7: User is created ACTIVE. Duplicate email is rejected. Blank name / invalid email / short password are rejected.
A8: 2 | B8: Edit | C8: 1. Change a user's role and status 2. Save | D8: Changes persist. A suspended/inactive user can no longer sign in.
A9: 3 | B9: List filters | C9: 1. Filter by role and search by name/email | D9: List narrows correctly; filter + search are both preserved in pagination and the export link.
A10: 4 | B10: Import | C10: 1. Upload a valid users .xlsx 2. Upload a malformed file | D10: Valid rows are created/updated with a summary; a malformed file is reported without partial corruption.
A11: 5 | B11: Export | C11: 1. Click Export with a role filter active | D11: Downloaded .xlsx contains exactly the filtered users, including company and department columns.
A12: 6 | B12: Company / Department display | C12: 1. Open a user with a department assigned | D12: Company and Department names render (via the renamed `department` relation).

Sheet Master - User Groups
A1: Module Name | B1: Master - User Groups
A2: Description | B2: /master/user-group (admin) - assignment pools. A user may belong to MANY groups (UserGroupMember join). Create stages members client-side; edit replaces membership wholesale; delete is blocked while the group has members or assigned tickets.
A3: Tester Name
A4: Test Date
A6: No | B6: Scenario | C6: Test Step | D6: Expected Result | E6: Actual Result | F6: Pass / Fail
A7: 1 | B7: Create with members | C7: 1. Create a group and stage several users as members 2. Save | D7: Group is created and one UserGroupMember row per staged user is written.
A8: 2 | B8: Multi-group membership | C8: 1. Add user X to Group A 2. Also add user X to Group B | D8: X is a member of BOTH groups; adding to B does not remove X from A.
A9: 3 | B9: Edit membership | C9: 1. Open Group A edit 2. Remove one member, add another 3. Save | D9: Group A's membership matches the staged list exactly; the removed user's memberships in OTHER groups are untouched.
A10: 4 | B10: Validation | C10: 1. Save a group with a blank name, or a name that already exists | D10: "Enter a group name" / "already exists" error; nothing saved.
A11: 5 | B11: Delete guard | C11: 1. Try to delete a group that still has members or assigned tickets | D11: Redirected back with "group still has members or assigned tickets". Deletion succeeds only once both are cleared.
A12: 6 | B12: List counts | C12: 1. View the group list | D12: Members and Tickets columns show correct counts; sorting by Members orders by membership count.

Sheet Master - Categories
A1: Module Name | B1: Master - Categories
A2: Description | B2: /master/category (admin) - ticket categories, the admins who own each (CategoryAdmin), the responsible user groups (CategoryUserGroup), active flag, and whether the category needs approval.
A3: Tester Name
A4: Test Date
A6: No | B6: Scenario | C6: Test Step | D6: Expected Result | E6: Actual Result | F6: Pass / Fail
A7: 1 | B7: Create | C7: 1. Create a category with a unique name 2. Attach responsible groups and category admins | D7: Category and its CategoryUserGroup / CategoryAdmin links are created. Duplicate / blank name is rejected.
A8: 2 | B8: Edit links | C8: 1. Edit a category and change its responsible groups | D8: Old CategoryUserGroup rows are removed and the new set inserted; only active groups are selectable.
A9: 3 | B9: New-ticket routing | C9: 1. File a ticket under a category with responsible groups | D9: The ticket is auto-assigned to those groups and notifications go to their active members.
A10: 4 | B10: Active flag | C10: 1. Deactivate a category | D10: It no longer appears in the New Ticket category picker but existing tickets keep it.

Sheet Master - Companies
A1: Module Name | B1: Master - Companies
A2: Description | B2: /master/company (admin) - company records (code, name, address, taxId, active) with department and user counts.
A3: Tester Name
A4: Test Date
A6: No | B6: Scenario | C6: Test Step | D6: Expected Result | E6: Actual Result | F6: Pass / Fail
A7: 1 | B7: Create / Edit | C7: 1. Create a company with a unique code and a name 2. Edit its address / taxId | D7: Saved. Blank name is rejected; duplicate code is rejected.
A8: 2 | B8: List | C8: 1. View the company list | D8: Department and user counts render; search by name works; sorting and paging preserve the query.
A9: 3 | B9: Active flag | C9: 1. Deactivate a company | D9: It is excluded from company pickers used elsewhere but existing links remain.

Sheet Master - Departments
A1: Module Name | B1: Master - Departments
A2: Description | B2: Departments under a company, each with one or more approvers (DepartmentApprover). Replaces the old single supervisorId column. Delete is guarded when in use.
A3: Tester Name
A4: Test Date
A6: No | B6: Scenario | C6: Test Step | D6: Expected Result | E6: Actual Result | F6: Pass / Fail
A7: 1 | B7: Create / Edit | C7: 1. Create a department under a company 2. Add two approvers | D7: Department is saved with both DepartmentApprover rows. Name is unique per company.
A8: 2 | B8: Approver routing | C8: 1. Raise an approval-required ticket in that department | D8: All department approvers see the request in their approval queue; any one can decide it.
A9: 3 | B9: Delete guard | C9: 1. Try to delete a department that has users or tickets | D9: Blocked with an in-use message; allowed once empty.

Sheet Master - Lesson Learned
A1: Module Name | B1: Master - Lesson Learned
A2: Description | B2: /master/lesson-learned (admin) - reusable knowledge entries (title, rich-text description, images, attachments, active flag) surfaced to the AI assistant and referenced from tickets.
A3: Tester Name
A4: Test Date
A6: No | B6: Scenario | C6: Test Step | D6: Expected Result | E6: Actual Result | F6: Pass / Fail
A7: 1 | B7: Create | C7: 1. Create an entry with a title and description | D7: Saved and listed. Blank title is rejected; a description that is only empty markup is rejected.
A8: 2 | B8: Media | C8: 1. Add images and file attachments to an entry | D8: They are stored and shown on the view page.
A9: 3 | B9: Active flag | C9: 1. Deactivate an entry | D9: It is excluded from active-only lookups (e.g. the assistant) but remains editable in Master.
A10: 4 | B10: List | C10: 1. Search and sort the list | D10: Search matches title; sort/paging preserve the query.

Sheet Profile & API Tokens
A1: Module Name | B1: Profile & API Tokens
A2: Description | B2: /profile - edit own name/telephone, self-service password change, and personal access tokens (used by the MCP server). Company/Department are read-only, set by an admin. Only a SHA-256 hash of each token is stored.
A3: Tester Name
A4: Test Date
A6: No | B6: Scenario | C6: Test Step | D6: Expected Result | E6: Actual Result | F6: Pass / Fail
A7: 1 | B7: Edit profile | C7: 1. Change name / telephone and save 2. Submit with a blank name | D7: Valid changes persist; a blank name is rejected. Company/Department are not editable here.
A8: 2 | B8: Change password | C8: 1. Enter the correct current password and a new password (>= 8 chars) 2. Submit | D8: Password is updated (bcrypt) and the next sign-in requires it. Wrong current password or a short new password is rejected.
A9: 3 | B9: Create API token | C9: 1. Create a token named e.g. "MCP laptop" | D9: The raw token (hd_ + 48 hex) is shown ONCE. Only its hash is stored. A blank name is rejected.
A10: 4 | B10: Use API token | C10: 1. Call /api/mcp with Authorization: Bearer <token> | D10: Resolves to the owning user. lastUsedAt is updated. An unknown or revoked token gets 401.
A11: 5 | B11: Revoke API token | C11: 1. Delete a token 2. Retry the previous MCP call | D11: The token row is removed and the call now returns 401. Other users' tokens are never listed or deletable.

Sheet Reports
A1: Module Name | B1: Reports
A2: Description | B2: /transaction/report (Ticket / Assignee / Category) with date-range and other filters, on-screen charts (ApexCharts), and per-report Excel export. SLA time = first-assigned -> resolved, in days.
A3: Tester Name
A4: Test Date
A6: No | B6: Scenario | C6: Test Step | D6: Expected Result | E6: Actual Result | F6: Pass / Fail
A7: 1 | B7: Filtering | C7: 1. Set a date range and any report-specific filters 2. Apply | D7: Tables and charts refresh to the filtered data; the filter state is reflected in the URL.
A8: 2 | B8: SLA calculation | C8: 1. Inspect a resolved ticket's SLA time in the Ticket report | D8: Equals (resolvedAt - firstAssignedAt) in days, one decimal, with a trailing "d"; unresolved shows an em dash.
A9: 3 | B9: Status buckets | C9: 1. Check the Assignee/Category report bucket breakdown | D9: Active = NEW/ASSIGNED/REOPENED, Processing = WAITING, Done = RESOLVED/CLOSED.
A10: 4 | B10: Export | C10: 1. Click Export on each report with filters applied | D10: The .xlsx matches the on-screen filtered data.
A11: 5 | B11: Access | C11: 1. Request a report route as a non-admin | D11: Not permitted; redirected to the role home.

Sheet MCP API
A1: Module Name | B1: MCP API
A2: Description | B2: /api/mcp - Model Context Protocol endpoint for non-browser clients. Authenticates with a personal access token as Authorization: Bearer <token>; all tool calls run as that user with the same authorization rules as the web app.
A3: Tester Name
A4: Test Date
A6: No | B6: Scenario | C6: Test Step | D6: Expected Result | E6: Actual Result | F6: Pass / Fail
A7: 1 | B7: Auth | C7: 1. Call with no Authorization header 2. Call with Authorization: Bearer bogus | D7: Both return 401. No tool runs.
A8: 2 | C8: 1. Call with a valid token for an ACTIVE user | D8: Authenticated as that user; lastUsedAt updated; tools become available.
A9: 3 | C9: 1. Call with a valid token whose user is INACTIVE/SUSPENDED | D9: Rejected (401) - status is re-checked, not just token validity.
A10: 4 | B10: Authorization parity | C10: 1. As a USER token, use a tool to read a ticket owned by someone else | D10: Same visibility rules as the web app - access denied / not found.

Sheet AI Chat (feature-flagged)
A1: Module Name | B1: AI Chat (feature-flagged)
A2: Description | B2: /chat and /api/chat - streaming assistant that can look up Lesson Learned entries. Gated by CHAT_ENABLED in app/lib/feature-flags.ts (currently false).
A3: Tester Name
A4: Test Date
A6: No | B6: Scenario | C6: Test Step | D6: Expected Result | E6: Actual Result | F6: Pass / Fail
A7: 1 | B7: Flag off | C7: 1. With CHAT_ENABLED = false, open /chat and hit /api/chat | D7: The Chat nav item is hidden and the route is unavailable.
A8: 2 | B8: Flag on - streaming | C8: 1. Enable the flag 2. Ask a question in /chat | D8: The reply streams token-by-token; no full-page reload.
A9: 3 | B9: Flag on - lesson lookup | C9: 1. Ask about a known problem that has a Lesson Learned entry | D9: The answer references the entry and links to it; inactive entries are not used.
A10: 4 | B10: Provider failure | C10: 1. Simulate the upstream model returning no content | D10: A graceful "unreachable" style message is shown rather than a crash.
